feature,mean_abs_shap
ensemble_sentiment_mean,0.029054257072323793
num_headlines,0.03403693284490333
RSI,0.054227729500965355
MACD,0.057809098641077646
CEO_sentiment,0.05992686068681463
VWAP,0.06822476089137894
sentiment_lag1,0.05397157241363034
